{"cameraMode":{"drawMode":0,"name":"Shaded","section":"Shading Mode"},"sceneLighting":false,"audioPlay":false,"sceneViewState":{"showFog":false,"showMaterialUpdate":false,"showSkybox":false,"showFlares":false,"showImageEffects":false,"showParticleSystems":false},"in2DMode":false,"pivot":{"x":-0.2545509338378906,"y":0.7958682179450989,"z":0.12194669246673584},"rotation":{"x":-0.2996140420436859,"y":0.14155063033103944,"z":-0.045055318623781207,"w":-0.9424622654914856},"size":11.050895690917969,"orthographic":false}