{"cameraMode":{"drawMode":0,"name":"Shaded","section":"Shading Mode"},"sceneLighting":false,"audioPlay":false,"sceneViewState":{"showFog":false,"showMaterialUpdate":false,"showSkybox":false,"showFlares":false,"showImageEffects":false,"showParticleSystems":false},"in2DMode":false,"pivot":{"x":0.0,"y":0.03180074691772461,"z":0.9475193023681641},"rotation":{"x":-0.313089519739151,"y":0.08635386824607849,"z":-0.028620384633541108,"w":-0.9453865885734558},"size":59.531211853027347,"orthographic":false}