{"cameraMode":{"drawMode":0,"name":"Shaded","section":"Shading Mode"},"sceneLighting":false,"audioPlay":false,"sceneViewState":{"showFog":false,"showMaterialUpdate":false,"showSkybox":false,"showFlares":false,"showImageEffects":false,"showParticleSystems":false},"in2DMode":false,"pivot":{"x":-0.6151301860809326,"y":0.16360154747962953,"z":0.4979519844055176},"rotation":{"x":0.28756672143936159,"y":-0.13700337707996369,"z":0.04166506230831146,"w":0.9470357894897461},"size":8.772991180419922,"orthographic":false}